APP开发|教育|视频|聊天|直播|电商城|同城|服务|交友,36000,拓冠科技-行业之星服务商,武汉
电商|社交|点餐|成品|直播python软件定制/APP开发,2199,六牛科技旗舰店,武汉
IT行业移动应用开发python定制java开发APP开发,3000,完梦科技-国家高新双软企业软件开发商,武汉
成品|社交|直播|商城|点餐python软件/APP定制开发,10000,伍仟科技-优质服务商,武汉
后端开发接口模块管理系统python接活个人源码二开数据库搭,999,威之德信息,武汉
电商网站建设|网站开发python|网页制作|后端开发PHP,1000,讯资软件-50人技术团队8年经验南部大区行业之星,武汉
交友-python-微信平台开发-app定制开发-企业网站,5000,微搜信息科技,武汉
项目管理|软件开发|OA|CRM|python|MES开发,5000,至德讯通,武汉
电商|社交|点餐|成品|直播python软件定制/APP开发,2199,六牛科技旗舰店,武汉
微信小程序开发/python小程序定制开发商城小程序设计外卖,2000,金桥网络旗舰店【13年互联网品牌】,武汉
-小程序开发-微信商城-数据-机器人-数据采集,1688,骐翔网络10年老店,武汉
IT行业APP开发移动应用开发python定制社区团购APP,3000,云淞网络,武汉
【python开发】网站开发python建设微商城系统源码,25000,深圳市三十天科技有限公司,武汉
|APP|数据|公众号|直播|h5安卓app开发,999,金蝉子专业APP开发,武汉
APP开发/前端开发/python/图表地图Echarts,2100,希尔网络科技,武汉
开发数据处理IOS开发管理系统软件数据采集教育,10000,艺点意创品牌策划有限公司,武汉
开发 python数据采集 python数据分析,50,钜鼎网络-中关村高新技术企业,武汉
-小程序开发-微信商城-数据-机器人-数据采集,15000,百荣科技-国家高新企业,武汉
APP开发python开发安卓/IOS应用开发成品APP开发,10000,中知信网络科技,武汉
企业网站/python/品牌官网/模板建站/公司官网/响应式,2400,莫道网络,武汉
后端开发接口模块管理系统python接活个人源码二开数据库搭,999,威之德信息,武汉
IT行业APP开发移动应用开发python定制社区团购APP,3000,云淞网络,武汉
【python开发】网站开发python建设微商城系统源码,25000,深圳市三十天科技有限公司,武汉
电商网站建设|网站开发python|网页制作|后端开发PHP,1000,讯资软件-50人技术团队8年经验南部大区行业之星,武汉
电商|社交|点餐|成品|直播python软件定制/APP开发,2199,六牛科技旗舰店,武汉
-小程序开发-微信商城-数据-机器人-数据采集,1688,骐翔网络10年老店,武汉
IT行业移动应用开发python定制java开发APP开发,3000,完梦科技-国家高新双软企业软件开发商,武汉
APP开发/前端开发/python/图表地图Echarts,2100,希尔网络科技,武汉
微信小程序开发/python小程序定制开发商城小程序设计外卖,2000,金桥网络旗舰店【13年互联网品牌】,武汉
项目管理|软件开发|OA|CRM|python|MES开发,5000,至德讯通,武汉
网站模板-交友画册-小程序排版-python-微信平台开发,3658,武汉锐泛网络科技,武汉
-小程序开发-微信商城-数据-机器人-数据采集,15000,百荣科技-国家高新企业,武汉
APP开发python开发php软件定制货运APP定制开发,80000,中知信网络科技,武汉
-食品行业软件-服务器-短信验证-ios-小程序,10000,微搜信息科技,武汉
成品|社交|直播|商城|点餐python软件/APP定制开发,10000,伍仟科技-优质服务商,武汉
开发 python数据采集 python数据分析,50,钜鼎网络-中关村高新技术企业,武汉
电商APP开发php|Java|python开发APP定制,16800,武汉尚软科技-国家高新技术企业,武汉
"管理后台应用；beego,python,flask,gin",3000,聚力软件开发,武汉
系统研发/python数据采集/python开发,500,蜘蛛俠工作室,武汉
代写/采集/模拟器群控/app移动端采集,100,鼎峰小微商战IT兵工厂,武汉
【DS】二次开发php java vue ,375,Digital Seed,武汉
|APP|数据|公众号|直播|h5安卓app开发,999,金蝉子专业APP开发,武汉
数据分析/python机器学习/课程设计/代做/人工智能/,100,使者24,武汉
基于python的数据应用分析,800,Data For Creator,武汉
java、python、c++、c#电脑软件,150,偷大熊猫a,武汉
编程，机器学习算法教学,10,data_AI_processing,武汉
设计,100,月下林中隐,武汉
网页数据采集，代码编写,100,云创星空,武汉
数据采集、python制作，价格根据需求而定,20000,武汉自由猿科技信息有限公司,武汉
access或python进销库存销售转换类软件定制,500,进销存管理开发,武汉
前端网页/小程序/python开发,3000,美伦just,武汉
信息抓取，各大网站数据获取，存储数据于存储Excel上,80,python**练习,武汉
数据采集,500,python网络,武汉
**，数据采集，可视化,200,Python数据采集分析可视化,武汉
开发数据处理IOS开发管理系统软件数据采集教育,10000,艺点意创品牌策划有限公司,武汉
【java开发】PHP/python数据库App定制开发软件,50000,深圳市三十天科技有限公司,武汉
APP开发python开发php软件定制货运APP定制开发,60000,六牛科技旗舰店,武汉
网站模板-交友画册-小程序排版-python-微信平台开发,1688,骐翔网络10年老店,武汉
APP开发/python/安卓开发/工具软件/软件开发app,15000,金桥网络旗舰店【13年互联网品牌】,武汉
项目管理|软件开发|OA|CRM|,5000,至德讯通,武汉
网站模板-交友画册-小程序排版-python-微信平台开发,15000,百荣科技-国家高新企业,武汉
APP开发python开发安卓/IOS应用开发成品APP开发,10000,中知信网络科技,武汉
php-python-软件-数据-数据采集-微信公众号开发,40000,微搜信息科技,武汉
web网站python/nodejs项目APP后端开发接活,1000,伍仟科技-优质服务商,武汉
管理后台；后台开发；golang; python；vue；,5000,聚力软件开发,武汉
  数据录入,100,月下林中隐,武汉
前端网页/小程序/python开发 拍,1000,美伦just,武汉
数据整理，数据获取，数据采集，网页数据采集，网站信息抓取,80,python**练习,武汉
APP开发python开发安卓/IOS应用开发成品APP开发,10000,六牛科技旗舰店,武汉
-微信平台开发-服务器-短信验证-ios-小程序,1688,骐翔网络10年老店,武汉
APP定制开发电力管道道路巡检app开发母婴,100000,金桥网络旗舰店【13年互联网品牌】,武汉
