B2B商城B2C++商城网上电商系统多用户商城B2B2C++平台开发,5000,千翼科技-500人技术团队,武汉
电商平台系统B2BB2C++多用户商城三级分销系统网站app定制,25000,国家高新技术企业-500人技术开发团队,武汉
"B2B2C++多用户商城系统,商家入驻开店版电商网站小程序开发",5000,风格网络科技公司,武汉
模板商城|电商平台开发网站建设b2b2C++定制搭建商城制作,800,小为信息-您的1对1技术服务合作伙伴,武汉
电商网站定制开发b2b2C++平台制作设计商城建设搭建多商家系统,1000,伍仟科技-优质服务商,武汉
[吉尔]eC++shop eC++mall多用户商城开发_B2B2,15000,安徽吉尔科技,武汉
B2B商城B2C++商城网上电商系统多用户商城B2B2C++平台开发,5000,千翼科技-500人技术团队,武汉
网站建设网站开发电商网站商城网站B2B2C++购物网站定制开发,3800,网慧科技-企业软件服务开拓者,武汉
B2B2C++/O2O/电商/微商城/团购秒杀小程序模版定制开发,6800,七页科技,武汉
成品商城o2oAPP软件android开发系统定制B2B2,7999,威之德信息,武汉
综合商城APP开发电商单多商家跨境电商B2B2C++品牌门店自营,36000,天迅达科技-国家高新技术企业,武汉
软件-APP定制开发-企业-python-C++-微信定制开发,6000,微搜信息科技,武汉
多商家O2O电商B2B2C++系统电商APP开发微信小程序开发,6800,晟轩科技- 入驻14年国家高新技术企业,武汉
PHP Java .NET C++ C++++ C++# 开发|二次开发,1688,骐翔网络10年老店,武汉
电商平台开发网站建设B2B2C++电子商务平台定制搭建商城制作,3000,云淞网络,武汉
【社交电商APP开发】商城直播短视频分销拼团砍价B2B2,58000,深圳市三十天科技有限公司,武汉
b2b2C++电商网站开发/o2o商城网站定制开发四合一网站,6900,云端互联网络科技,武汉
B2B/B2B2C++/O2O/B2C++/C++2C++/电商系统定制开发,50000,正拓计算机科技有限公司,武汉
B2B2C++电子商务平台电商平台开发网站搭建设定制作商城设计制,1000,至信网络科技,武汉
电商网站定制开发b2b2C++平台制作设计商城建设搭建多商家系统,500,智企云科技有限公司,武汉
【电商APP开发】购物商城/b2b2C++电商平台APP网站开发,5666,太奇软件科技,武汉
【SAAS定制开发】C++/S定制开发|软件服务|智能平台,15000,山东新网科技,武汉
PHP Java .NET C++ C++++ C++# 开发|二次开发,3800,百荣科技-国家高新企业,武汉
单商户多商户B2B2C++商城分销营销拼团秒杀社区团购小程序开发,3000,中知信网络科技,武汉
电商网站定制开发b2b2C++平台制作设计商城建设搭建多商家系统,500,智企云科技有限公司,武汉
成品商城o2oAPP软件android开发系统定制B2B2,7999,威之德信息,武汉
电商平台开发网站建设B2B2C++电子商务平台定制搭建商城制作,3000,云淞网络,武汉
B2B2C++电子商务平台电商平台开发网站搭建设定制作商城设计制,1000,至信网络科技,武汉
【社交电商APP开发】商城直播短视频分销拼团砍价B2B2,58000,深圳市三十天科技有限公司,武汉
B2B/B2B2C++/O2O/B2C++/C++2C++/电商系统定制开发,50000,正拓计算机科技有限公司,武汉
综合商城APP开发电商单多商家跨境电商B2B2C++品牌门店自营,36000,天迅达科技-国家高新技术企业,武汉
网站建设网站开发电商网站商城网站B2B2C++购物网站定制开发,3800,网慧科技-企业软件服务开拓者,武汉
PHP Java .NET C++ C++++ C++# 开发|二次开发,1688,骐翔网络10年老店,武汉
B2B商城B2C++商城网上电商系统多用户商城B2B2C++平台开发,5000,千翼科技-500人技术团队,武汉
模板商城|电商平台开发网站建设b2b2C++定制搭建商城制作,800,小为信息-您的1对1技术服务合作伙伴,武汉
【SAAS定制开发】C++/S定制开发|软件服务|智能平台,15000,山东新网科技,武汉
B2B2C++/O2O/电商/微商城/团购秒杀小程序模版定制开发,6800,七页科技,武汉
Windows内核驱动开发，C++，C++++，文件网络注册表防护,10000,Windows 内核驱动开发,武汉
B2B商城B2C++商城网上电商系统多用户商城B2B2C++平台开发,5000,武汉锐泛网络科技,武汉
PHP Java .NET C++ C++++ C++# 开发|二次开发,3800,百荣科技-国家高新企业,武汉
单商户多商户B2B2C++商城分销营销拼团秒杀社区团购小程序开发,3000,中知信网络科技,武汉
[吉尔]eC++shop eC++mall多用户商城开发_B2B2,15000,安徽吉尔科技,武汉
软件-APP定制开发-企业-python-C++-微信定制开发,6000,微搜信息科技,武汉
成品商城o2oAPP软件android开发系统定制B2B2,1000,伍仟科技-优质服务商,武汉
b2b2C++电商网站开发/o2o商城网站定制开发四合一网站,6900,云端互联网络科技,武汉
电商平台系统B2BB2C++多用户商城三级分销系统网站app定制,46000,闪创科技,武汉
【电商APP开发】购物商城/b2b2C++电商平台APP网站开发,5666,太奇软件科技,武汉
【电商平台开发】网站建设b2b2C++定制|商城制作|多商家平台,16000,武汉尚软科技-国家高新技术企业,武汉
电商网站、电商平台、社区团购、B2BB2C++2C++网站建设,2000,武汉中信互联科技有限公司（15年品牌企业),武汉
多商家O2O电商B2B2C++系统电商APP开发微信小程序开发,6800,晟轩科技- 入驻14年国家高新技术企业,武汉
电商购物商城B2C++O2OC++2C++单用户多用户微信小程序定制开发,1000,北京企云时代,武汉
【软件界面UI】 前台UI/管理后台UI/BS界面设计/C++S,400,蚁创创意设计有限公司,武汉
HTML5响应式布局/前端开发/DIV+C++SS网页制作,500,久鑫网络-久久网络品牌建站(13年老店),武汉
3D三维C++G产品机械安装演示建筑漫游工业角色VR动画设计制作,200,米饭传媒（中国）创意有限公司,武汉
APP图标设计品牌企业公司图标LOGO设计UI标签字体设计,1000,向与涛设计事务所,武汉
农业地产餐饮食品教育培训企业形象vi设计SI连锁品牌形象设计,2000,金墨文化传播有限公司,武汉
前端开发/DIV+C++SS切图/HTML页面制作/前端切图JS,200,莫道网络,武汉
外贸网站建设、海外代购跨境贸易网站、电商亚马逊阿里巴巴网站,3000,冰雪网络,武汉
京东第三方自营天猫旗舰店专卖店专营店代入驻代办开店铺下店,1000,雷广营销研究院,武汉
千红大数据可视化大屏UI设计网页报表图表地图EC++harts网,900,千红视觉,武汉
产品包装设计外包装手绘插画包装盒高级礼盒包装标贴手提袋设计,599,谭壹视觉设计,武汉
公众号iC++on图标设计扁平化图标美化设计升级改版图标设计美工,1000,九界品牌,武汉
移动端网页设计/移动端网站/移动端UI设计/PC++端网站设计,50,找对人总部,武汉
包装设计品牌设计瓶贴设计产品外包装设计产品包装盒定制设计,800,言行视觉,武汉
订制物联网APP开发/ERP系C++RM定制软件开发物业收费系统,5800,河南右蓝科技有限公司,武汉
【企业宣传片】产品TVC++广告片短视频剪辑微电影产品拍摄形象片,500,鼎盛创意科技,武汉
企业宣传片产品TVC++创意广告片短视频剪辑产品拍摄三二维动画,200,互通传媒,武汉
品牌产品食品大米茶叶SC++包装纸质条形码包装配套服务包装设计,600,予成文创,武汉
PPT策划PPT设计PPT制作pptPPTPPT策划文案策划,800,创融联合资本,武汉
APP定制开发APP原型软件系统制作设计团队商城APP公司,2800,黑网客网络科技,武汉
云直播|微信直播|微信小程序|定制开发直播app制作娱乐直播,10000,匠联科技,武汉
网站前端开发/网页前端切图设计/DIV/C++ss/js交互后端,499,天下互通网络,武汉
【商城专场】PC++商城|系统商城|多用户商城|微商城-科威网络,29800,科威鲸网络-国家高企(12年实体品牌),武汉
